year,prop_rows_after_filtering
1989,0.05235093595272932
1990,0.05303507598136233
1991,0.0654797212646969
1992,0.08268019046605288
1993,0.1032959584400723
1994,0.1543915190834014
1995,0.16558179141234586
1996,0.17922172629659266
1997,0.18369853475131123
1998,0.182460068590085
1999,0.181615099136959
2000,0.14933504214184837
2001,0.14942705774859633
2002,0.149625641241701
2003,0.14922607858136086
2004,0.15221520756725576
